{
    "name": "root",
    "gauges": {
        "DodgeBehavior.Policy.Entropy.mean": {
            "value": 1.4071602821350098,
            "min": 1.4071602821350098,
            "max": 1.4243509769439697,
            "count": 10
        },
        "DodgeBehavior.Policy.Entropy.sum": {
            "value": 70335.5,
            "min": 46400.65625,
            "max": 71468.234375,
            "count": 10
        },
        "DodgeBehavior.Environment.EpisodeLength.mean": {
            "value": 17.595238095238095,
            "min": 16.684410646387832,
            "max": 17.60885746185337,
            "count": 10
        },
        "DodgeBehavior.Environment.EpisodeLength.sum": {
            "value": 47296.0,
            "min": 30716.0,
            "max": 47413.0,
            "count": 10
        },
        "DodgeBehavior.Policy.ExtrinsicValueEstimate.mean": {
            "value": 0.24697735905647278,
            "min": -1.4286082983016968,
            "max": 0.24697735905647278,
            "count": 10
        },
        "DodgeBehavior.Policy.ExtrinsicValueEstimate.sum": {
            "value": 663.8751220703125,
            "min": -2628.63916015625,
            "max": 663.8751220703125,
            "count": 10
        },
        "DodgeBehavior.Environment.CumulativeReward.mean": {
            "value": 0.059248508022089176,
            "min": -0.009961960181269956,
            "max": 0.059248508022089176,
            "count": 10
        },
        "DodgeBehavior.Environment.CumulativeReward.sum": {
            "value": 159.2599895633757,
            "min": -18.33000673353672,
            "max": 159.2599895633757,
            "count": 10
        },
        "DodgeBehavior.Policy.ExtrinsicReward.mean": {
            "value": 0.059248508022089176,
            "min": -0.009961960181269956,
            "max": 0.059248508022089176,
            "count": 10
        },
        "DodgeBehavior.Policy.ExtrinsicReward.sum": {
            "value": 159.2599895633757,
            "min": -18.33000673353672,
            "max": 159.2599895633757,
            "count": 10
        },
        "DodgeBehavior.Losses.PolicyLoss.mean": {
            "value": 0.024048329278593884,
            "min": 0.02150572508883973,
            "max": 0.026388018880970775,
            "count": 10
        },
        "DodgeBehavior.Losses.PolicyLoss.sum": {
            "value": 0.09619331711437554,
            "min": 0.07116299998015166,
            "max": 0.12904974569100885,
            "count": 10
        },
        "DodgeBehavior.Losses.ValueLoss.mean": {
            "value": 0.00017496877529386742,
            "min": 0.00017496877529386742,
            "max": 0.12254948185549841,
            "count": 10
        },
        "DodgeBehavior.Losses.ValueLoss.sum": {
            "value": 0.0006998751011754697,
            "min": 0.0006998751011754697,
            "max": 0.36764844556649523,
            "count": 10
        },
        "DodgeBehavior.Policy.LearningRate.mean": {
            "value": 1.5248194917300003e-05,
            "min": 1.5248194917300003e-05,
            "max": 0.0002771844076052,
            "count": 10
        },
        "DodgeBehavior.Policy.LearningRate.sum": {
            "value": 6.099277966920001e-05,
            "min": 6.099277966920001e-05,
            "max": 0.0012622464792512,
            "count": 10
        },
        "DodgeBehavior.Policy.Epsilon.mean": {
            "value": 0.1050827,
            "min": 0.1050827,
            "max": 0.1923948,
            "count": 10
        },
        "DodgeBehavior.Policy.Epsilon.sum": {
            "value": 0.4203308,
            "min": 0.4203308,
            "max": 0.9207488000000001,
            "count": 10
        },
        "DodgeBehavior.Policy.Beta.mean": {
            "value": 0.00026362673,
            "min": 0.00026362673,
            "max": 0.004620500520000001,
            "count": 10
        },
        "DodgeBehavior.Policy.Beta.sum": {
            "value": 0.00105450692,
            "min": 0.00105450692,
            "max": 0.021045365119999996,
            "count": 10
        },
        "DodgeBehavior.IsTraining.mean": {
            "value": 1.0,
            "min": 1.0,
            "max": 1.0,
            "count": 10
        },
        "DodgeBehavior.IsTraining.sum": {
            "value": 1.0,
            "min": 1.0,
            "max": 1.0,
            "count": 10
        }
    },
    "metadata": {
        "timer_format_version": "0.1.0",
        "start_time_seconds": "1623084823",
        "python_version": "3.9.5 (tags/v3.9.5:0a7dcbd, May  3 2021, 17:27:52) [MSC v.1928 64 bit (AMD64)]",
        "command_line_arguments": "D:\\Meus Documentos\\My Stuff\\ULP\\2\u00ba Ano\\2\u00ba Semestre\\IA\\MLAgents\\venv\\Scripts\\mlagents-learn --resume",
        "mlagents_version": "0.25.1",
        "mlagents_envs_version": "0.25.1",
        "communication_protocol_version": "1.5.0",
        "pytorch_version": "1.7.1+cu110",
        "numpy_version": "1.20.3",
        "end_time_seconds": "1623086750"
    },
    "total": 1926.9161771,
    "count": 1,
    "self": 0.045763100000158374,
    "children": {
        "run_training.setup": {
            "total": 0.04035600000000006,
            "count": 1,
            "self": 0.04035600000000006
        },
        "TrainerController.start_learning": {
            "total": 1926.8300579999998,
            "count": 1,
            "self": 1.0102945999972235,
            "children": {
                "TrainerController._reset_env": {
                    "total": 7.117836800000001,
                    "count": 1,
                    "self": 7.117836800000001
                },
                "TrainerController.advance": {
                    "total": 1918.4908392000025,
                    "count": 40164,
                    "self": 0.4592491999910635,
                    "children": {
                        "env_step": {
                            "total": 1918.0315900000114,
                            "count": 40164,
                            "self": 1706.7995502999765,
                            "children": {
                                "SubprocessEnvManager._take_step": {
                                    "total": 210.70456600000423,
                                    "count": 40164,
                                    "self": 2.277138700015115,
                                    "children": {
                                        "TorchPolicy.evaluate": {
                                            "total": 208.42742729998912,
                                            "count": 30172,
                                            "self": 40.6792289999774,
                                            "children": {
                                                "TorchPolicy.sample_actions": {
                                                    "total": 167.74819830001172,
                                                    "count": 30172,
                                                    "self": 167.74819830001172
                                                }
                                            }
                                        }
                                    }
                                },
                                "workers": {
                                    "total": 0.5274737000307343,
                                    "count": 40164,
                                    "self": 0.0,
                                    "children": {
                                        "worker_root": {
                                            "total": 1920.1345085999944,
                                            "count": 40164,
                                            "is_parallel": true,
                                            "self": 633.280305199999,